URN,Platform,Forecourt Brand,Site Name,Address,Suburb,State,Postcode,Lat,Long,Status,Metro/Regional,Highway Site,Truck Forecourt,Semi-Trailer Accessible,B Double Accessible,Road Train Accessible,Diesel,High Flow Diesel,Ultra High Flow Diesel,Adblue at Pump,Adblue by Pack,Truck Parking,Showers,Truckers Lounge,Shell Card Accepted,Trading Hours (24 x 7 Site)
A130,Alliance,Shell,SHELL COLES EXPRESS FYSHWICK WILUNA,8-12 IPSWICH ST (CNR WILUNA ST),FYSHWICK,ACT,2609,-35.32854974,149.1637183,Open,Metro,No,No,Yes,Yes,No,Yes,Yes,No,No,Yes,No,No,No,Yes,No
X089,Liberty Oil Australia,Liberty,LIBERTY ALBERT UNMANNED,9 MELROSE ROAD,ALBERT,NSW,2873,-32.35792821,147.5071903,Open,Regional,No,No,Yes,No,No,Yes,No,No,No,No,No,No,No,Yes,Yes
A011,Alliance,Shell,SHELL COLES EXPRESS ALBION PARK,252 PRINCES HIGHWAY,ALBION PARK,NSW,2527,-34.567967,150.8024,Open,Regional,No,No,Yes,No,No,Yes,Yes,No,No,Yes,No,No,No,Yes,Yes
A200,Alliance,Shell,SHELL COLES EXPRESS BATHURST,59 DURHAM STREET,BATHURST,NSW,2795,-33.416408,149.584312,Open,Regional,No,Yes,Yes,Yes,No,Yes,Yes,No,No,Yes,No,No,No,Yes,Yes
A204,Alliance,Shell,SHELL COLES EXPRESS BATHURST WEST,298 STEWART ST (CNR ROCKET ST),BATHURST,NSW,2795,-33.419192,149.567313,Open,Regional,No,Yes,Yes,Yes,No,Yes,Yes,No,No,Yes,No,No,No,Yes,Yes
A667,Alliance,Shell,SHELL COLES EXPRESS BERESFIELD,93 WEAKLEYS DRIVE,BERESFIELD,NSW,2322,-32.80111375,151.6352251,Open,Regional,No,Yes,Yes,Yes,No,Yes,Yes,Yes,Yes,Yes,No,No,No,Yes,No
J481,Alliance,Shell,SHELL COLES EXPRESS BOGGABILLA,33351 NEWELL HIGHWAY,BOGGABILLA,NSW,2409,-28.60870572,150.3512259,Open,Regional,Yes,Yes,Yes,Yes,Yes,Yes,Yes,Yes,Yes,Yes,Yes,Yes,No,Yes,Yes
A656,Alliance,Shell,SHELL COLES EXPRESS BOMADERRY,271 PRINCES HIGHWAY,BOMADERRY,NSW,2541,-34.84003,150.59396,Open,Regional,No,Yes,Yes,Yes,No,No,Yes,Yes,Yes,Yes,Yes,No,No,Yes,Yes
A670,Liberty Oil Australia,Shell,SHELL WAGGA WAGGA UNMANNED,82 BOMEN ROAD,BOMEN,NSW,2650,-35.07198487,147.4034061,Open,Regional,No,Yes,Yes,Yes,No,Yes,Yes,Yes,No,No,No,No,No,Yes,Yes
X155,Liberty Oil Australia,Liberty,LIBERTY OUTBACK FUEL CENTRE,96-104 ANSON ST,BOURKE,NSW,2840,-30.095518,145.943953,Open,Regional,No,No,Yes,No,No,No,No,No,No,No,No,No,No,Yes,No
B545,Liberty Oil Convenience (LOC),Shell,SHELL BROCKLEHURST UNMANNED,4-6 BURRAWAY ROAD,BROCKLEHURST,NSW,2830,-32.180924,148.621639,Open,Regional,No,No,Yes,Yes,No,Yes,Yes,Yes,Yes,No,No,No,No,Yes,Yes
B782,Alliance,Shell,SHELL COLES EXPRESS BULAHDELAH,42 BULAHDELAH WAY,BULAHDELAH,NSW,2423,-32.409821,152.211219,Open,Regional,No,No,Yes,Yes,No,Yes,Yes,No,No,Yes,No,Yes,No,Yes,No
X072,Liberty Oil Australia,Shell,SHELL BURONGA,141 STURT HGHWAY,BURONGA,NSW,2739,-34.17381662,142.1928973,Open,Regional,Yes,Yes,Yes,Yes,Yes,Yes,Yes,Yes,Yes,No,Yes,Yes,Yes,Yes,Yes
A982,Viva Direct (DO),Shell,SHELL CHIPPING NORTON,7-9 NEWBRIDGE ROAD,CHIPPING NORTON,NSW,2170,-33.9285849,150.9771676,Open,Metro,No,Yes,Yes,Yes,No,Yes,Yes,No,Yes,Yes,No,,,Yes,Yes
B930,Viva Direct (DO),Shell,SHELL COONAMBLE ROADHOUSE,121 CASTLEREAGH STREET,COONAMBLE,NSW,2829,-30.96146702,148.3903822,Open,Regional,No,Yes,Yes,Yes,No,No,Yes,Yes,Yes,Yes,No,No,No,Yes,No
B882,Viva Direct (DO),Shell,SHELL CRANEBROOK,1 CRANEBROOK RD,CRANEBROOK,NSW,2749,-33.689812,150.727426,Open,Regional,No,No,Yes,Yes,No,No,Yes,Yes,Yes,No,Yes,No,No,Yes,Yes
X270,Liberty Oil Australia,Liberty,LIBERTY DAROOBALGIE UNMANNED,60 BACK YAMMA RD,DAROOBALGIE,NSW,2870,-33.32318627,148.0727876,Open,Regional,No,Yes,Yes,Yes,No,Yes,Yes,No,No,No,No,,,Yes,Yes
E092,Alliance,Shell,SHELL COLES EXPRESS DENILIQUIN NORTH,336 VICTORIA STREET,DENILIQUIN,NSW,2710,-35.52358263,144.9806576,Open,Regional,No,No,Yes,Yes,No,Yes,Yes,No,No,Yes,No,No,No,Yes,No
B777,Alliance,Shell,SHELL COLES EXPRESS WEST DUBBO,WHYLANDRA ST & VICTORIA ST,DUBBO,NSW,2830,-32.247437,148.593708,Open,Regional,No,No,Yes,No,No,Yes,No,No,No,Yes,No,No,No,Yes,Yes
B677,Alliance,Shell,SHELL COLES EXPRESS EASTERN CREEK,611 GREAT WESTERN HWY (CNR BRABHAM DRV),EASTERN CREEK,NSW,2766,-33.792175,150.870217,Open,Metro,Yes,Yes,Yes,Yes,No,Yes,Yes,Yes,Yes,Yes,Yes,No,No,Yes,Yes
A176,Viva Direct (DO),Shell,SHELL FORBES,34 SHERIFF STREET,FORBES,NSW,2871,-33.386479,148.009828,Open,Regional,Yes,Yes,Yes,Yes,No,Yes,Yes,No,Yes,Yes,No,No,No,Yes,No
A033,Viva Direct (DO),Shell,SHELL FREEMANS WATERHOLE,890 FREEMANS DRIVE,FREEMANS WATERHOLE,NSW,2323,-32.985811,151.487089,Open,Regional,Yes,No,Yes,Yes,Yes,Yes,Yes,Yes,Yes,Yes,Yes,Yes,No,Yes,Yes
B714,Alliance,Shell,SHELL COLES EXPRESS GILGANDRA,PORTION 101 NEWELL HIGHWAY (CNR TOORAWEENAH ROAD),GILGANDRA,NSW,2827,-31.70311616,148.6786298,Open,Regional,Yes,No,Yes,Yes,No,Yes,Yes,No,No,Yes,Yes,Yes,Yes,Yes,Yes
A153,Alliance,Shell,SHELL COLES EXPRESS GOULBURN BIG MERINO,1-3 SOWERBY ST,GOULBURN,NSW,2580,-34.77309819,149.6916286,Open,Regional,Yes,Yes,Yes,Yes,Yes,Yes,Yes,Yes,No,No,Yes,Yes,No,Yes,Yes
A356,Alliance,Shell,SHELL COLES EXPRESS GUNDAGAI TUCKERBOX,9321 HUME HIGHWAY (CNR ANNIE PYERS DVE),GUNDAGAI,NSW,2722,-35.00416792,148.1110315,Open,Regional,Yes,Yes,Yes,Yes,Yes,Yes,Yes,Yes,Yes,Yes,Yes,Yes,Yes,Yes,Yes
A510,Alliance,Shell,SHELL COLES EXPRESS GUNDAGAI,99-115 MOUNT ST (CNR MIDDLE ST),GUNDAGAI SOUTH,NSW,2722,-35.08184205,148.0944578,Open,Regional,Yes,Yes,Yes,Yes,No,Yes,Yes,Yes,Yes,No,Yes,Yes,No,Yes,Yes
A716,Liberty Oil Convenience (LOC),Shell,SHELL GUNNEDAH TRUCKSTOP,1 KAMILAROI HIGHWAY,GUNNEDAH,NSW,2380,-30.973397,150.24255,Open,Regional,Yes,Yes,Yes,Yes,No,Yes,Yes,Yes,Yes,Yes,Yes,Yes,Yes,Yes,No
A063,Alliance,Shell,SHELL COLES EXPRESS HALFWAY CREEK,4974 PACIFIC HIGHWAY (CNR LEMON TREE RD),HALFWAY CREEK,NSW,2460,-29.934899,153.094222,Open,Regional,Yes,Yes,Yes,Yes,No,Yes,Yes,Yes,Yes,Yes,Yes,Yes,No,Yes,Yes
X060,Viva Direct (DO),Shell,SHELL HAY SOUTH,STURT HWY,HAY,NSW,2711,-34.52029927,144.8396545,Open,Regional,Yes,Yes,Yes,Yes,Yes,Yes,Yes,No,Yes,No,Yes,Yes,Yes,Yes,No
B997,Alliance,Shell,SHELL COLES EXPRESS MOTTO FARM,2137 PACIFIC HIGHWAY,HEATHERBRAE,NSW,2324,-32.79834793,151.7178325,Open,Regional,No,No,Yes,Yes,No,Yes,Yes,No,No,Yes,No,No,No,Yes,Yes
B547,Alliance,Shell,SHELL COLES EXPRESS HEXHAM,21 MAITLAND ROAD,HEXHAM,NSW,2322,-32.84673,151.693664,Open,Regional,Yes,Yes,Yes,Yes,No,Yes,Yes,Yes,Yes,Yes,Yes,Yes,No,Yes,Yes
A527,Alliance,Shell,SHELL COLES EXPRESS KEMPSEY,165 SMITH ST,KEMPSEY,NSW,2440,-31.07059,152.845303,Open,Regional,Yes,No,Yes,Yes,No,Yes,Yes,No,No,Yes,Yes,Yes,No,Yes,No
A430,Alliance,Shell,SHELL COLES EXPRESS KOORAGANG ISLAND,130 CORMORANT RD,KOORAGANG,NSW,2304,-32.884391,151.762939,Open,Regional,No,Yes,Yes,Yes,No,Yes,Yes,Yes,Yes,Yes,Yes,No,No,Yes,Yes
B544,Alliance,Shell,SHELL COLES EXPRESS LANSVALE,65-99 HUME HIGHWAY,LANSVALE,NSW,2166,-33.89295509,150.9606682,Open,Metro,Yes,No,Yes,Yes,No,Yes,Yes,Yes,No,Yes,Yes,Yes,No,Yes,No
A901,Alliance,Shell,SHELL COLES EXPRESS ALBURY NORTH,575 WAGGA RD,LAVINGTON,NSW,2641,-36.036718,146.963457,Open,Regional,Yes,Yes,Yes,Yes,No,Yes,Yes,Yes,Yes,Yes,Yes,Yes,No,Yes,Yes
A157,Alliance,Shell,SHELL COLES EXPRESS LIVERPOOL,338-340 HUME HIGHWAY,LIVERPOOL,NSW,2170,-33.931562,150.91762,Open,Metro,No,No,Yes,Yes,No,Yes,Yes,No,No,No,No,Yes,No,Yes,Yes
A340,Alliance,Shell,SHELL COLES EXPRESS MARSDEN PARK NORTH,920 RICHMOND RD,MARSDEN PARK,NSW,2765,-33.71559717,150.8425616,Open,Metro,No,No,Yes,No,No,Yes,Yes,No,No,No,No,No,No,Yes,Yes
A212,Alliance,Shell,SHELL COLES EXPRESS MOUNT ANNAN,241 WATERWORTH DRIVE,MOUNT ANNAN,NSW,2567,-34.049392,150.760258,Open,Metro,No,No,Yes,No,No,Yes,Yes,No,No,No,No,No,No,Yes,Yes
A678,Viva Direct (DO),Shell,SHELL NARRABRI TRUCKSTOP,11553 NEWELL HWY,NARRABRI,NSW,2390,-30.34874614,149.756994,Open,Regional,Yes,Yes,Yes,Yes,Yes,Yes,No,Yes,Yes,No,Yes,Yes,Yes,Yes,Yes
A512,Alliance,Shell,SHELL COLES EXPRESS NARRANDERA,113 AUDLEY ST (CNR CADDELL ST),NARRANDERA,NSW,2700,-34.747801,146.550384,Open,Regional,No,No,Yes,No,No,Yes,Yes,No,No,No,No,No,No,Yes,No
A620,Liberty Oil Australia,Shell,SHELL NEVERTIRE UNMANNED,MITCHELL HIGHWAY,NEVERTIRE,NSW,2826,-31.84051981,147.7196829,Open,Regional,Yes,Yes,Yes,Yes,No,Yes,No,Yes,Yes,No,No,No,No,Yes,Yes
A710,Viva Direct (DO),Shell,SHELL ORANGE,48-52 PEISLEY ST,ORANGE,NSW,2800,-33.293959,149.101936,Open,Regional,No,No,No,No,No,Yes,No,No,No,No,No,No,No,Yes,No
A715,Viva Direct (DO),Shell,SHELL ORANGE UNMANNED,34-38 PEISLEY ST,ORANGE,NSW,2800,-33.2953,149.102,Open,Regional,No,No,Yes,No,No,Yes,No,No,No,No,No,No,No,Yes,Yes
A578,Viva Direct (DO),Shell,SHELL TEA TREE,158 MT DARRAGH RD,PAMBULA SOUTH,NSW,2549,-36.9432,149.847,Open,Regional,No,Yes,Yes,Yes,No,Yes,Yes,No,No,Yes,No,No,Yes,Yes,No
B938,Viva Direct (DO),Shell,SHELL NORTH PARKES DRIVEWAY,46 PEAKHILL ROAD,PARKES,NSW,2870,-33.12177691,148.1742148,Open,Regional,Yes,No,Yes,Yes,No,No,Yes,No,No,Yes,No,No,No,Yes,No
B806,Liberty Oil Australia,Shell,SHELL PORT KEMBLA UNMANNED,87-89 FLINDERS STREET,PORT KEMBLA,NSW,2505,-34.46960162,150.8950243,Open,Regional,No,Yes,Yes,Yes,No,Yes,Yes,Yes,No,No,No,No,No,Yes,Yes
A720,Viva Direct (DO),Shell,SHELL OTR PRESTONS,1-5 YATO ROAD,PRESTONS,NSW,2170,-33.93930792,150.8681557,Open,Metro,No,Yes,Yes,Yes,No,Yes,No,Yes,Yes,No,No,No,No,Yes,Yes
A712,Liberty Oil Australia,Shell,SHELL PARRAMATTA UNMANNED,DURHAM STREET,ROSEHILL,NSW,2142,-33.821054,151.039785,Open,Regional,No,Yes,Yes,Yes,No,Yes,Yes,Yes,Yes,No,No,No,No,Yes,Yes
A041,Alliance,Shell,SHELL COLES EXPRESS LITHGOW,888 GREAT WESTERN HIGHWAY (CNR MAGPIE HOLLOW RD),SOUTH BOWENFELS,NSW,2790,-33.50605702,150.1241485,Open,Regional,No,No,Yes,Yes,No,Yes,Yes,No,No,No,No,No,No,Yes,No
B874,Alliance,Shell,SHELL COLES EXPRESS SUTTON FOREST EAST,13125 HUME HIGHWAY (CNR SALLY CORNER RD),SUTTON FOREST,NSW,2577,-34.607743,150.228156,Open,Regional,Yes,Yes,Yes,Yes,No,Yes,Yes,Yes,Yes,Yes,Yes,Yes,No,Yes,Yes
B907,Alliance,Shell,SHELL COLES EXPRESS SUTTON FOREST WEST,13124 HUME HIGHWAY,SUTTON FOREST,NSW,2577,-34.60793251,150.2252091,Open,Regional,Yes,Yes,Yes,Yes,No,Yes,Yes,Yes,Yes,Yes,Yes,Yes,No,Yes,Yes
B843,Liberty Oil Australia,Shell,SHELL TAMWORTH UNMANNED,9-13 GUNNEDAH ROAD,TAMWORTH,NSW,2340,-31.09564452,150.908346,Open,Regional,No,Yes,Yes,Yes,No,Yes,Yes,Yes,No,No,No,No,No,Yes,Yes
A744,Viva Direct (DO),Shell,SHELL TOMAGO,793 TOMAGO RD (CNR OLD PUNT RD),TOMAGO,NSW,2322,-32.82200789,151.6996822,Open,Metro,No,No,Yes,Yes,No,Yes,Yes,No,Yes,No,No,No,No,Yes,Yes
B886,Alliance,Shell,SHELL COLES EXPRESS TUMUT,168-170 SNOWY MOUNTAINS HWY,TUMUT,NSW,2720,-35.30251365,148.2019707,Open,Regional,Yes,Yes,Yes,Yes,No,Yes,Yes,No,No,No,No,No,No,Yes,No
A149,Westside Petroleum,Shell,SHELL WANDANDIAN,2720 PRINCES HIGHWAY,WANDANDIAN,NSW,2540,-35.091424,150.507625,Open,Regional,No,Yes,Yes,Yes,No,Yes,Yes,Yes,Yes,Yes,No,No,No,Yes,Yes
A351,Alliance,Shell,SHELL COLES EXPRESS WETHERILL PARK HORSLEY DRIVE,1181 THE HORSLEY DRIVE,WETHERILL PARK,NSW,2164,-33.849862,150.900886,Open,Metro,No,No,Yes,Yes,No,Yes,Yes,No,No,No,Yes,No,No,Yes,Yes
B942,Alliance,Shell,SHELL COLES EXPRESS WETHERILL PARK ELIZABETH,37  ELIZABETH ST (CNR VICTORIA  ST),WETHERILL PARK,NSW,2164,-33.845582,150.899064,Open,Metro,No,Yes,Yes,Yes,No,Yes,Yes,Yes,Yes,Yes,No,No,No,Yes,No
B573,Alliance,Shell,SHELL COLES EXPRESS WYALONG,MID WESTERN HWY & NICHOLSON LANE,WYALONG,NSW,2671,-33.92511,147.255708,Open,Regional,Yes,Yes,Yes,Yes,No,Yes,Yes,Yes,Yes,Yes,Yes,Yes,No,Yes,Yes
S704,Alliance,Shell,SHELL COLES EXPRESS ALICE SPRINGS TRUCK STOP,DALGETY RD & LILBILI ST,ALICE SPRINGS,NT,870,-23.667654,133.86474,Open,Regional,Yes,Yes,Yes,Yes,Yes,Yes,Yes,Yes,Yes,Yes,Yes,Yes,No,Yes,No
S705,Viva Direct (DO),Shell,SHELL THREEWAYS ROADHOUSE,CNR STUART & BARKLY HWYS,TENNANT CREEK,NT,860,-19.436665,134.208238,Open,Regional,Yes,No,Yes,Yes,Yes,Yes,Yes,Yes,Yes,No,Yes,Yes,Yes,Yes,No
S707,Viva Direct (DO),Shell,SHELL DUNMARRA WAYSIDE INN,13729 STUART HIGHWAY,BIRDUM,NT,852,-16.679578,133.412491,Open,Regional,Yes,No,Yes,Yes,Yes,Yes,Yes,No,No,No,Yes,Yes,Yes,Yes,No
S711,Liberty Oil Convenience (LOC),Shell,SHELL KATHERINE UNMANNED,7 GILLARD CRESCENT (CNR ZIMMEN DVE),COSSACK,NT,850,-14.4538,132.245,Open,Regional,No,Yes,Yes,Yes,Yes,Yes,Yes,Yes,Yes,No,No,Yes,No,Yes,Yes
S748,Viva Direct (DO),Shell,SHELL AYERS ROCK,257 YULARA DRIVE,YULARA,NT,872,-25.240114,130.990072,Open,Regional,No,Yes,Yes,Yes,Yes,Yes,Yes,No,No,No,No,No,No,Yes,No
S768,Company Controlled,Caltex,OTR BERRIMAH TRUCK CITY,3921 BERRIMAH RD,BERRIMAH,NT,828,-12.435191,130.923813,Open,Regional,No,No,No,No,No,Yes,No,No,No,No,No,,,Yes,Yes
S780,Company Controlled,Caltex,OTR KNUCKEY LAGOON (CALTEX),687 STUART HIGHWAY,KNUCKEY LAGOON,NT,828,-12.43449382,130.9238586,Open,Regional,No,No,No,No,No,Yes,Yes,No,No,No,No,,,No,Yes
S787,Company Controlled,Caltex,OTR KATHERINE (CALTEX),85 BICENTENNIAL ROAD,KATHERINE SOUTH,NT,850,-14.47055999,132.2750498,Open,Remote,No,No,No,No,No,Yes,Yes,No,No,No,No,,,No,Yes
S775,Company Controlled,Caltex,OTR BERRIMAH WISHART Road,5 WISHART RD,BERRIMAH,NT,828,-12.46033,130.925201,Open,Regional,No,No,No,No,No,Yes,No,No,No,No,No,,,Yes,No
J012,Alliance,Shell,SHELL COLES EXPRESS CURRUMBIN,1 STEWART RD,CURRUMBIN WATERS,QLD,4223,-28.14649346,153.4762526,Open,Metro,Yes,Yes,Yes,Yes,No,No,No,Yes,Yes,No,Yes,Yes,Yes,Yes,Yes
J035,Viva Direct (DO),Shell,SHELL RUSTYS,4114 WARREGO HWY,HATTON VALE,QLD,4341,-27.5656926,152.4496277,Open,Regional,Yes,Yes,Yes,Yes,Yes,Yes,Yes,No,Yes,No,Yes,Yes,Yes,Yes,Yes
J040,Alliance,Shell,SHELL COLES EXPRESS GARBUTT,346 INGHAM ROAD,GARBUTT,QLD,4814,-19.2648207,146.7707064,Open,Regional,Yes,Yes,Yes,Yes,No,Yes,Yes,No,No,Yes,Yes,Yes,No,Yes,Yes
J056,Viva Direct (DO),Shell,SHELL MOONIE CROSSROADS,1 MOONIE HIGHWAY,MOONIE,QLD,4406,-27.7175254,150.3700799,Open,Regional,Yes,Yes,Yes,Yes,No,Yes,Yes,No,No,No,Yes,Yes,Yes,Yes,Yes
J063,Alliance,Shell,SHELL COLES EXPRESS DELTA BRUCE HWY,19081 BRUCE HWY (CNR COLLINSVILLE RD),BOWEN,QLD,4805,-20.016785,148.191349,Open,Regional,Yes,No,Yes,Yes,No,Yes,Yes,No,No,Yes,Yes,No,No,Yes,No
J442,Alliance,Shell,SHELL COLES EXPRESS BLACKWATER,18 RAILWAY STREET (CNR COLUMBA ST),BLACKWATER,QLD,4717,-23.585306,148.882619,Open,Regional,No,No,Yes,Yes,No,Yes,Yes,No,No,Yes,Yes,Yes,No,Yes,Yes
J461,Alliance,Shell,SHELL COLES EXPRESS ROCKHAMPTON GLADSTONE RD,140-146 GLADSTONE RD,ROCKHAMPTON,QLD,4700,-23.39541916,150.5054838,Open,Regional,No,No,Yes,No,No,Yes,Yes,No,No,Yes,No,No,No,Yes,No
J470,Alliance,Shell,SHELL COLES EXPRESS ROCKLEA,1728 IPSWICH RD (CNR SHETTLETON ST),ROCKLEA,QLD,4106,-27.560077,153.00047,Open,Metro,Yes,No,Yes,Yes,Yes,Yes,Yes,Yes,Yes,Yes,Yes,Yes,No,Yes,No
J504,Alliance,Shell,SHELL COLES EXPRESS YATALA,HENRY HESTER DRV,STAPYLTON,QLD,4207,-27.729307,153.224631,Open,Metro,No,No,Yes,Yes,No,Yes,Yes,No,Yes,Yes,No,No,No,Yes,Yes
J515,Alliance,Shell,SHELL COLES EXPRESS JIMBOOMBA,2-4 TAMBORINE ST (CNR MT LINDESAY HWY),JIMBOOMBA,QLD,4280,-27.821436,153.030367,Open,Metro,Yes,Yes,Yes,Yes,No,Yes,Yes,No,Yes,Yes,Yes,Yes,No,Yes,Yes
J538,Alliance,Shell,SHELL COLES EXPRESS GOODNA,2 RAILWAY TERRACE (CNR IPSWICH MOTORWAY),GOODNA,QLD,4300,-27.600672,152.88491,Open,Metro,Yes,No,Yes,Yes,No,Yes,Yes,No,No,Yes,Yes,No,No,Yes,Yes
J549,Viva Direct (DO),Shell,SHELL LONGREACH SERVICE CENTRE,1 WONGA ST,LONGREACH,QLD,4730,-23.441347,144.254239,Open,Regional,No,No,Yes,Yes,No,No,Yes,No,No,Yes,No,No,No,Yes,No
J620,Viva Direct (DO),Shell,SHELL GOLDEN HARVEST TOOWOOMBA,392 BOUNDARY ST (CNR BRIDGE ST),WILSONTON,QLD,4350,-27.53608626,151.9055512,Open,Regional,No,No,Yes,No,No,No,Yes,No,Yes,Yes,Yes,No,No,Yes,No
J791,Alliance,Shell,SHELL COLES EXPRESS NUDGEE,1097 NUDGEE RD,BANYO,QLD,4014,-27.37851,153.093259,Open,Metro,Yes,Yes,Yes,Yes,No,Yes,Yes,Yes,Yes,Yes,Yes,Yes,No,Yes,Yes
J810,Alliance,Shell,SHELL COLES EXPRESS GLASS HOUSE MOUNTAINS INBOUND,4288 BRUCE HWY (SOUTHBOUND),GLASS HOUSE MOUNTAINS,QLD,4518,-26.917344,152.996593,Open,Metro,Yes,No,Yes,Yes,No,Yes,Yes,No,No,No,Yes,Yes,No,Yes,Yes
J811,Liberty Oil Australia,Shell,SHELL MACKAY UNMANNED,1 INTERLINK COURT,PAGET,QLD,4740,-21.1873,149.163,Open,Regional,No,No,Yes,Yes,Yes,No,Yes,Yes,No,No,No,No,No,Yes,Yes
J813,Alliance,Shell,SHELL COLES EXPRESS GLASS HOUSE MOUNTAINS OUTBOUND,4249 BRUCE HWY (NORTHBOUND),GLASS HOUSE MOUNTAINS,QLD,4518,-26.920042,152.993578,Open,Regional,Yes,No,Yes,Yes,No,Yes,Yes,No,Yes,No,Yes,Yes,No,Yes,Yes
J816,Liberty Oil Australia,Shell,SHELL TAROOM UNMANNED,5-9 NORTH ST,TAROOM,QLD,4420,-25.63521868,149.797956,Open,Regional,No,Yes,Yes,Yes,No,Yes,Yes,No,Yes,No,No,No,No,Yes,Yes
J822,Liberty Oil Australia,Shell,SHELL EMERALD UNMANNED,25 WILLS RD,EMERALD,QLD,4720,-23.48911264,148.1442567,Open,Regional,No,Yes,Yes,Yes,No,Yes,Yes,No,Yes,No,No,No,No,Yes,Yes
J827,Alliance,Shell,SHELL COLES EXPRESS COOMERA TRUCK STOP,487 OLD PACIFIC HIGHWAY (EXIT 54 PACIFIC MOTORWAY),COOMERA,QLD,4209,-27.85517084,153.3099526,Open,Metro,Yes,Yes,Yes,Yes,No,No,No,Yes,Yes,Yes,Yes,Yes,Yes,Yes,Yes
K649,Viva Indirect (DO),Shell,SHELL CAIRNS TRUCKSTOP,CNR KENNY ST & DRAPER ST,CAIRNS,QLD,4870,-16.932118,145.773826,Open,Regional,No,Yes,Yes,Yes,No,Yes,Yes,Yes,Yes,No,Yes,No,No,Yes,Yes
K652,Viva Direct (DO),Shell,SHELL AYR,245 QUEEN STREET,AYR,QLD,4807,-19.5827,147.399,Open,Regional,Yes,Yes,Yes,Yes,No,No,No,Yes,No,Yes,No,No,No,Yes,Yes
K655,Alliance,Shell,SHELL COLES EXPRESS MOUNT ISA TRUCKPORT,221-239 BARKLY HWY,MOUNT ISA,QLD,4825,-20.693832,139.488494,Open,Regional,Yes,No,Yes,Yes,Yes,Yes,Yes,Yes,Yes,Yes,Yes,Yes,No,Yes,Yes
K718,Liberty Oil Convenience (LOC),Shell,SHELL WARWICK UNMANNED,2 WOOD ST,WARWICK,QLD,4370,-28.22153611,152.0383915,Open,Regional,No,Yes,Yes,No,No,No,Yes,No,No,No,No,No,No,Yes,Yes
K723,Liberty Oil Australia,Shell,SHELL GLADSTONE UNMANNED,62 HANSON ROAD,GLADSTONE,QLD,4680,-23.84042253,151.2460494,Open,Regional,No,Yes,Yes,Yes,No,Yes,Yes,No,No,No,No,No,No,Yes,Yes
K724,Liberty Oil Australia,Shell,SHELL STRATHPINE UNMANNED,125 SOUTH PINE ROAD,BRENDALE,QLD,4500,-27.32241582,152.987342,Open,Metro,No,Yes,Yes,Yes,No,Yes,Yes,Yes,No,No,No,No,No,Yes,Yes
K792,Liberty Oil Australia,Shell,SHELL GOONDIWINDI UNMANNED,2-14 CEMETERY ROAD (CNR CUNNINGHAM HWY),GOONDIWINDI,QLD,4390,-28.53438863,150.3301208,Open,Regional,Yes,Yes,Yes,Yes,Yes,No,Yes,No,No,No,Yes,No,No,Yes,Yes
K937,Alliance,Shell,SHELL COLES EXPRESS BRENDALE,2 LINKFIELD ROAD,BRENDALE,QLD,4500,-27.3278825,152.9869442,Open,Regional,No,Yes,Yes,Yes,Yes,Yes,Yes,No,Yes,No,No,,,Yes,No
K938,Liberty Oil Convenience (LOC),Shell,SHELL ARATULA TRUCKSTOP,6776 CUNNINGHAM HWY,ARATULA,QLD,4309,-27.983812,152.546008,Open,Regional,Yes,Yes,Yes,Yes,No,Yes,Yes,Yes,Yes,No,Yes,Yes,Yes,Yes,Yes
X084,Liberty Oil Convenience (LOC),Shell,SHELL RICHMOND (MIDWAY),120 GOLDRING ST,RICHMOND,QLD,4822,-20.73726219,143.1462021,Open,Regional,Yes,Yes,Yes,Yes,Yes,Yes,Yes,Yes,Yes,Yes,No,Yes,Yes,Yes,No
X288,Liberty Oil Convenience (LOC),Liberty,LIBERTY MILES,66 MCNULTY ST,MILES,QLD,4415,-26.6611,150.184,Open,Regional,No,No,No,No,No,Yes,No,No,No,No,Yes,Yes,,Yes,No
X293,Liberty Oil Convenience (LOC),Liberty,LIBERTY ROMA,70-72 QUINTIN ST,ROMA,QLD,4455,-26.577868,148.784022,Open,Regional,No,No,Yes,Yes,No,Yes,Yes,No,No,No,No,,,Yes,No
X348,Liberty Oil Convenience (LOC),Liberty,LIBERTY BILOELA,13 BURNETT HIGHWAY,BILOELA,QLD,4715,-24.4045333,150.5132297,Open,Regional,No,No,Yes,No,No,Yes,Yes,No,No,No,No,No,No,No,No
X377,Liberty Oil Australia,Shell,SHELL ROADHOUSE GORE,3 CUNNINGHAM HIGHWAY,GORE,QLD,4352,-28.2946698,151.4868598,Open,Regional,Yes,No,Yes,Yes,No,Yes,Yes,No,Yes,No,No,Yes,No,Yes,No
X477,Liberty Oil Convenience (LOC),Liberty,LIBERTY DALBY,18420 WARREGO HIGHWAY,DALBY,QLD,4405,-27.16934164,151.2307697,Open,Regional,Yes,Yes,Yes,Yes,No,Yes,No,Yes,No,No,Yes,No,No,Yes,Yes
J125,Viva Direct (DO),Shell,SHELL KARAWATHA,19 FOREST WAY,KARAWATHA,QLD,4117,-27.65123058,153.0757596,Open,Metro,No,Yes,Yes,Yes,No,Yes,Yes,No,Yes,No,No,No,No,Yes,Yes
J126,Company Controlled,Caltex,S24 CALLIOPE (CALTEX),1906 DAWSON HWY,CALLIOPE,QLD,4680,-23.98245031,151.2125965,Open,Regional,No,Yes,Yes,No,No,Yes,Yes,Yes,Yes,No,Yes,,,Yes,Yes
J132,Company Controlled,Caltex,S24 MOUNT LARCOM (CALTEX),57017 BRUCE HWY,MOUNT LARCOM,QLD,4695,-23.80632479,150.970528,Open,Regional,No,Yes,Yes,No,No,Yes,Yes,No,No,No,No,,,Yes,Yes
K772,Company Controlled,Caltex,S24 BANANA (CALTEX),19 BOWEN ST,BANANA,QLD,4702,-24.47240277,150.1277569,Open,Regional,No,Yes,Yes,No,No,Yes,Yes,No,No,No,No,No,No,Yes,Yes
M022,Alliance,Shell,SHELL COLES EXPRESS TAILEM BEND,69-71 PRINCES HWY,TAILEM BEND,SA,5260,-35.254071,139.45345,Open,Regional,Yes,No,Yes,Yes,No,Yes,Yes,Yes,Yes,Yes,Yes,Yes,No,Yes,Yes
M057,Viva Direct (DO),Shell,SHELL BLANCHETOWN,8657 STURT HIGHWAY,BLANCHETOWN,SA,5357,-34.35068422,139.6029774,Open,Regional,Yes,Yes,Yes,Yes,Yes,Yes,Yes,No,No,Yes,Yes,Yes,No,Yes,Yes
M071,Alliance,Shell,SHELL COLES EXPRESS MANSFIELD PARK,452 GRAND JUNCTION RD,MANSFIELD PARK,SA,5012,-34.85046362,138.5545329,Open,Metro,No,Yes,Yes,Yes,No,Yes,Yes,Yes,Yes,Yes,No,No,No,Yes,Yes
M233,Viva Direct (DO),Shell,SHELL COOBER PEDY ROADHOUSE,454 HUTCHISON ST,COOBER PEDY,SA,5723,-29.015821,134.754946,Open,Regional,Yes,Yes,Yes,Yes,Yes,No,Yes,No,No,Yes,Yes,Yes,Yes,Yes,Yes
M243,Alliance,Shell,SHELL COLES EXPRESS PORT AUGUSTA METEOR ROADHOUSE,29207 AUGUSTA HIGHWAY,PORT AUGUSTA,SA,5700,-32.510692,137.797528,Open,Regional,Yes,Yes,Yes,Yes,Yes,Yes,Yes,Yes,Yes,Yes,Yes,No,No,Yes,Yes
M279,Alliance,Shell,SHELL COLES EXPRESS PORT WAKEFIELD,2 SNOWTOWN RD,PORT WAKEFIELD,SA,5550,-34.182968,138.153594,Open,Regional,Yes,No,Yes,Yes,No,Yes,Yes,No,No,No,No,No,No,Yes,Yes
M470,Liberty Oil Australia,Shell,SHELL REGENCY PARK UNMANNED,64 PEDDERS CRESCENT,REGENCY PARK,SA,5010,-34.87330804,138.5794104,Open,Metro,No,Yes,Yes,Yes,No,No,Yes,No,No,No,Yes,No,No,Yes,Yes
X071,Viva Direct (DO),Shell,SHELL TINTINARA,22 DUKES HIGHWAY,TINTINARA,SA,5266,-35.9029,140.081,Open,Regional,No,No,Yes,Yes,No,Yes,Yes,No,No,No,No,No,No,Yes,No
X146,Liberty Oil Australia,Shell,SHELL PORT LINCOLN UNMANNED,PINE FREEZERS RD (CNR WESTERN APPROACH RD),PORT LINCOLN,SA,5606,-34.74656027,135.841361,Open,Regional,No,No,Yes,Yes,Yes,Yes,Yes,No,Yes,No,Yes,No,No,Yes,Yes
X276,Liberty Oil Convenience (LOC),Liberty,LIBERTY SEAFORD,47 ERIC ROAD,OLD NOARLUNGA,SA,5168,-35.1856847,138.4911626,Open,Regional,No,Yes,Yes,Yes,No,Yes,No,Yes,Yes,No,No,,,Yes,Yes
X408,Liberty Oil Australia,Shell,SHELL BORDERTOWN UNMANNED,14 DUKES HIGHWAY,BORDERTOWN,SA,5268,-36.2999224,140.7599505,Open,Regional,Yes,No,Yes,Yes,No,Yes,Yes,No,Yes,No,No,,,Yes,Yes
X429,Viva Direct (DO),Shell,SHELL MYPONGA,33-35 MAIN SOUTH ROAD,MYPONGA,SA,5202,-35.3936471,138.4616562,Open,Regional,No,Yes,Yes,Yes,No,Yes,Yes,No,Yes,Yes,Yes,No,No,Yes,No
X467,Viva Direct (DO),Liberty,LIBERTY PORT WAKEFIELD SOUTH,8666 PORT WAKEFIELD HIGHWAY,PORT WAKEFIELD,SA,5550,-34.189316,138.1544933,Open,Regional,Yes,Yes,Yes,Yes,Yes,Yes,No,Yes,Yes,Yes,Yes,Yes,Yes,Yes,Yes
M169,Company Controlled,BP,OTR NARACOORTE,1 DEVIATION RD,NARACOORTE,SA,5271,-36.959053,140.731689,Open,Regional,No,No,No,No,No,No,Yes,No,No,No,No,,,Yes,Yes
M242,Company Controlled,BP,OTR NURIOOTPA,5 TANUNDA RD,NURIOOTPA,SA,5355,-34.47658216,138.9950727,Open,Regional,No,No,No,No,No,No,No,No,No,No,No,,,Yes,Yes
M262,Company Controlled,BP,OTR PINNAROO,4 MALLEE HWY,PINNAROO,SA,5304,-35.260368,140.913864,Open,Remote,No,No,No,No,No,No,No,No,No,No,No,,,Yes,Yes
M280,Company Controlled,BP,OTR BERRI,1314 OLD STURT HWY,BERRI,SA,5343,-34.27225973,140.607632,Open,Regional,No,No,No,No,No,No,Yes,No,No,No,No,,,Yes,Yes
M286,Company Controlled,BP,OTR PORT WAKEFIELD ROAD,859 PORT WAKEFIELD RD,BOLIVAR,SA,5110,-34.76847363,138.59321,Open,Regional,No,No,No,No,No,No,Yes,No,No,No,No,,,Yes,Yes
M330,Company Controlled,BP,OTR MOUNT GAMBIER EAST,1-3 RAMSAY AVE,MOUNT GAMBIER,SA,5290,-37.834671,140.8022,Open,Regional,No,No,No,No,No,No,No,No,No,No,No,,,Yes,Yes
M370,Company Controlled,BP,OTR PORT AUGUSTA,10 AUGUSTA HWY,PORT AUGUSTA,SA,5700,-32.51162,137.802582,Open,Regional,No,No,No,No,No,No,Yes,No,No,No,No,,,Yes,Yes
M374,Company Controlled,BP,OTR PORT WAKEFIELD,22 SNOWTOWN RD,PORT WAKEFIELD,SA,5550,-34.180981,138.154099,Open,Regional,No,No,No,No,No,No,Yes,No,No,No,No,,,Yes,Yes
M377,Company Controlled,BP,OTR RIDLEYTON,201 SOUTH RD,RIDLEYTON,SA,5008,-34.88980152,138.5701002,Open,Metro,No,No,No,No,No,No,Yes,No,No,No,No,,,Yes,Yes
M393,Company Controlled,BP,OTR BORDERTOWN,1 DUKES HWY,BORDERTOWN,SA,5268,-36.297859,140.757294,Open,Regional,No,No,No,No,No,No,No,No,No,No,No,,,Yes,Yes
M396,Company Controlled,BP,OTR CAVAN INBOUND,144 PORT WAKEFIELD RD,CAVAN,SA,5094,-34.83050243,138.5991977,Open,Metro,No,No,No,No,No,No,Yes,No,No,No,No,,,Yes,Yes
M397,Company Controlled,Advantage,OTR CEDUNA MOZIES,55 MCKENZIE ST,CEDUNA,SA,5690,-32.121681,133.687103,Open,Remote,No,No,No,No,No,Yes,No,No,No,No,No,,,Yes,Yes
M399,Company Controlled,BP,OTR CEDUNA,35 EYRE HWY,CEDUNA,SA,5690,-32.1140263,133.6726565,Open,Remote,No,No,No,No,No,No,Yes,No,No,No,No,,,Yes,Yes
M413,Company Controlled,BP,OTR DRY CREEK,15 VATER ST,DRY CREEK,SA,5094,-34.81950218,138.5917043,Open,Metro,No,No,No,No,No,No,Yes,No,No,No,No,,,Yes,Yes
M421,Company Controlled,BP,OTR MOTORSPORT PARK TAILEM BEND,543 DUKES HWY,TAILEM BEND,SA,5260,-35.3037939,139.5007216,Open,Regional,No,No,No,No,No,No,Yes,No,No,No,No,,,Yes,Yes
M194,Liberty Oil Australia,Mogas,KIMBA UNMANNED (MOGAS),15351 EYRE HWY,KIMBA,SA,5641,-33.1417598,136.4191587,Open,Remote,No,No,No,No,No,No,No,No,No,No,No,,,No,No
X408,Liberty Oil Australia,Shell,SHELL BORDERTOWN UNMANNED,14 DUKES HIGHWAY,BORDERTOWN,SA,5268,-36.2999224,140.7599505,Open,Regional,Yes,No,Yes,Yes,No,Yes,Yes,No,Yes,No,No,,,Yes,Yes
X472,Liberty Oil Australia,TPSC,DUNNING'S YALATA UNMANNED,EYRE HIGHWAY,YALATA,SA,5690,-31.49580231,131.8121735,Open,Regional,No,Yes,Yes,Yes,Yes,Yes,Yes,No,No,No,No,No,No,Yes,Yes
H009,Viva Direct (DO),Shell,SHELL BURNIE PORT UNMANNED,1 BOLLARD DRIVE,BURNIE,TAS,7320,-41.057977,145.910061,Open,Regional,No,No,Yes,Yes,Yes,Yes,Yes,Yes,Yes,No,No,No,No,Yes,Yes
H010,Viva Direct (DO),Shell,SHELL WESTBURY UNMANNED,25 ROXFORD AVENUE,WESTBURY,TAS,7303,-41.509,146.824,Open,Regional,No,No,Yes,Yes,No,Yes,Yes,Yes,Yes,No,No,No,No,Yes,Yes
H014,Viva Direct (DO),Shell,SHELL SCOTTSDALE UNMANNED,18 TEN MILE TRACK,SCOTTSDALE,TAS,7260,-41.18659899,147.5501985,Open,Regional,No,No,Yes,Yes,Yes,Yes,Yes,Yes,Yes,No,No,No,No,Yes,Yes
H017,Viva Direct (DO),Shell,SHELL CAMBRIDGE UNMANNED,116 CAMBRIDGE PARK DRIVE,CAMBRIDGE,TAS,7170,-42.8337692,147.4794284,Open,Regional,No,Yes,Yes,Yes,Yes,Yes,Yes,Yes,Yes,No,Yes,Yes,No,Yes,Yes
H099,Viva Direct (DO),Shell,SHELL BRIDGEWATER UNMANNED,1 GLENSTONE ROAD,BRIDGEWATER,TAS,7030,-42.7217,147.232,Open,Regional,No,Yes,Yes,Yes,Yes,Yes,Yes,Yes,Yes,Yes,Yes,No,No,Yes,Yes
H245,Viva Direct (DO),Shell,SHELL EAST DEVONPORT UNMANNED,150 TARLETON STREET,DEVONPORT EAST,TAS,7310,-41.1866,146.371,Open,Regional,No,No,Yes,Yes,Yes,Yes,Yes,Yes,Yes,No,Yes,No,No,Yes,Yes
H277,Viva Direct (DO),Shell,SHELL WIVENHOE UNMANNED,16 RIVER ROAD,WIVENHOE,TAS,7320,-41.073391,145.923931,Open,Regional,No,Yes,Yes,Yes,Yes,Yes,Yes,Yes,Yes,No,Yes,No,No,Yes,Yes
H284,Alliance,Shell,SHELL COLES EXPRESS SMITHTON,6-8 BRITTONS RD,SMITHTON,TAS,7330,-40.855784,145.134268,Open,Regional,No,No,Yes,Yes,No,Yes,Yes,No,No,Yes,Yes,No,No,Yes,No
A097,Liberty Oil Australia,Shell,SHELL QUAMBATOOK UNMANNED,72 QUAMBATOOK-SWAN HILL RD (CNR LTL MILDRED ST),QUAMBATOOK,VIC,3540,-35.845349,143.515102,Open,Regional,Yes,Yes,Yes,Yes,Yes,Yes,Yes,No,No,No,No,No,No,Yes,Yes
E202,Viva Direct (DO),Shell,SHELL WERRIGAR ROADHOUSE,213 HENTY HWY (CNR BURONGA HWY),WARRACKNABEAL,VIC,3393,-36.24563595,142.4011503,Open,Regional,Yes,Yes,Yes,Yes,Yes,Yes,Yes,Yes,No,Yes,Yes,Yes,Yes,Yes,No
F101,Alliance,Shell,SHELL COLES EXPRESS GEELONG NORTH,247 MELBOURNE ROAD,GEELONG NORTH,VIC,3215,-38.117287,144.354502,Open,Regional,No,No,Yes,No,No,Yes,Yes,No,No,Yes,No,No,No,Yes,No
F168,Viva Direct (DO),Shell,SHELL BAXTER,139 GRANT ROAD,BAXTER,VIC,3911,-38.19976525,145.1819448,Open,Metro,No,Yes,Yes,Yes,No,No,Yes,No,Yes,No,Yes,No,Yes,Yes,Yes
F174,Alliance,Shell,SHELL COLES EXPRESS EUROA,167 TARCOMBE ST,EUROA,VIC,3666,-36.744916,145.591314,Open,Regional,Yes,Yes,Yes,Yes,Yes,Yes,Yes,Yes,Yes,Yes,Yes,Yes,No,Yes,Yes
F188,Liberty Oil Convenience (LOC),Liberty,LIBERTY LYNDHURST,200-210 DANDENONG HASTINGS ROAD,LYNDHURST,VIC,3975,-38.055283,145.244398,Open,Regional,No,Yes,Yes,No,No,Yes,Yes,No,No,No,No,No,Yes,Yes,Yes
F249,Alliance,Shell,SHELL COLES EXPRESS LAVERTON NORTH,2 LITTLE BOUNDARY RD (CNR PRINCES HWY),LAVERTON NORTH,VIC,3026,-37.82335,144.82381,Open,Metro,Yes,Yes,Yes,Yes,No,Yes,Yes,Yes,Yes,Yes,Yes,No,No,Yes,Yes
F255,Viva Direct (DO),Shell,SHELL NAR NAR GOON,1975 PRINCES HWY,NAR NAR GOON,VIC,3812,-38.0677,145.559,Open,Regional,Yes,Yes,Yes,Yes,No,No,Yes,Yes,No,Yes,Yes,No,No,Yes,Yes
F258,Liberty Oil Convenience (LOC),Shell,SHELL WARRAGUL ROADHOUSE,80 ALFRED ST,WARRAGUL,VIC,3820,-38.168576,145.939862,Open,Regional,No,Yes,Yes,Yes,No,Yes,Yes,Yes,Yes,No,No,No,No,Yes,No
F277,Liberty Oil Australia,Liberty,LIBERTY LAVERTON UNMANNED,5-11 PIPE ROAD,LAVERTON NORTH,VIC,3026,-37.82028399,144.8170641,Open,Metro,No,No,Yes,No,No,Yes,Yes,No,Yes,No,No,No,No,Yes,Yes
F280,Alliance,Shell,SHELL COLES EXPRESS DANDENONG SOUTH,215-221 GREENS RD,DANDENONG SOUTH,VIC,3175,-38.01201716,145.1983673,Open,Metro,No,Yes,Yes,No,No,Yes,Yes,Yes,Yes,Yes,Yes,No,No,Yes,Yes
F283,Alliance,Shell,SHELL COLES EXPRESS FITZGERALD RD,285 FITZGERALD RD,DERRIMUT,VIC,3026,-37.81289759,144.7865575,Open,Metro,No,Yes,Yes,Yes,Yes,Yes,No,Yes,Yes,Yes,Yes,No,No,Yes,Yes
F286,Alliance,Shell,SHELL COLES EXPRESS CAMPBELLFIELD,1805-1825 SYDNEY RD,CAMPBELLFIELD,VIC,3061,-37.646919,144.951214,Open,Metro,Yes,Yes,Yes,No,No,Yes,Yes,Yes,Yes,Yes,Yes,No,No,Yes,Yes
F287,Alliance,Shell,SHELL COLES EXPRESS KEILOR EAST,26 CEMETERY RD,KEILOR EAST,VIC,3033,-37.729081,144.850968,Open,Metro,No,Yes,Yes,Yes,No,Yes,Yes,Yes,Yes,No,No,No,No,Yes,No
F312,Alliance,Shell,SHELL COLES EXPRESS WESTGATE NORTH,46-62 COOK ST,PORT MELBOURNE,VIC,3207,-37.82959339,144.9176303,Open,Metro,Yes,Yes,Yes,Yes,No,Yes,Yes,Yes,Yes,Yes,No,No,No,Yes,Yes
F314,Alliance,Shell,SHELL COLES EXPRESS KEILOR PARK,69 KEILOR PARK DRIVE,TULLAMARINE,VIC,3043,-37.718923,144.851959,Open,Metro,No,No,Yes,No,No,Yes,Yes,No,No,No,Yes,No,No,Yes,No
F324,Westside Petroleum,Shell,SHELL STRATHMERTON,4972 MURRAY VALLEY HIGHWAY,STRATHMERTON,VIC,3641,-35.9255,145.5,Open,Regional,Yes,Yes,Yes,Yes,Yes,Yes,Yes,Yes,Yes,Yes,Yes,Yes,Yes,Yes,Yes
F338,Alliance,Shell,SHELL COLES EXPRESS MOOLAP,272-280 PORTARLINGTON ROAD,MOOLAP,VIC,3224,-38.16413,144.41393,Open,Regional,No,No,Yes,No,No,Yes,Yes,No,No,Yes,No,No,No,Yes,No
F359,Liberty Oil Convenience (LOC),Liberty,LIBERTY BENALLA,5941 MIDLAND HWY,BENALLA,VIC,3672,-36.5377,145.982,Open,Regional,No,No,Yes,No,No,Yes,Yes,No,No,No,No,No,No,Yes,No
F373,Liberty Oil Australia,Shell,SHELL MORWELL UNMANNED,103 ALEXANDERS ROAD,MORWELL,VIC,3840,-38.22202121,146.4430001,Update Required,Regional,No,Yes,Yes,Yes,No,Yes,Yes,No,Yes,No,No,No,No,Yes,Yes
F392,Liberty Oil Australia,Shell,SHELL PORTLAND UNMANNED,615 HENTY HIGHWAY,PORTLAND,VIC,3305,-38.32128065,141.5960362,Open,Regional,Yes,Yes,Yes,Yes,No,Yes,Yes,Yes,Yes,No,No,No,No,Yes,Yes
F399,Alliance,Shell,SHELL COLES EXPRESS BUNKER HILL,1175 HUME HWY,MICKLEHAM,VIC,3064,-37.540429,144.944205,Open,Metro,Yes,Yes,Yes,Yes,No,Yes,Yes,Yes,Yes,Yes,Yes,Yes,No,Yes,Yes
F622,Alliance,Shell,SHELL COLES EXPRESS TRARALGON,115 PRINCES HIGHWAY (CNR BREED ST),TRARALGON,VIC,3844,-38.19939057,146.5342956,Open,Regional,No,No,Yes,Yes,No,Yes,Yes,No,No,Yes,No,No,No,Yes,Yes
F714,Viva Direct (DO),Liberty,LIBERTY PAKENHAM,1365 PRINCES HIGHWAY,PAKENHAM,VIC,3810,-38.0649883,145.5064974,Open,Regional,Yes,Yes,Yes,Yes,No,Yes,Yes,No,Yes,No,Yes,No,No,Yes,Yes
F743,Alliance,Shell,SHELL COLES EXPRESS ALTONA NORTH,71-75 DOHERTY'S RD,ALTONA NORTH,VIC,3025,-37.831706,144.824147,Open,Metro,No,Yes,Yes,Yes,No,Yes,Yes,No,No,Yes,No,No,No,Yes,Yes
F779,Alliance,Shell,SHELL COLES EXPRESS ALTONA - GRIEVE PDE,300-302 GRIEVE PDE (CNR KOROROIT CREEK RD),ALTONA NORTH,VIC,3025,-37.84852662,144.8235079,Open,Metro,No,Yes,Yes,No,No,No,Yes,Yes,Yes,Yes,No,No,No,Yes,No
F821,Alliance,Shell,SHELL COLES EXPRESS TRUGANINA,465 DOHERTYS ROAD,TRUGANINA,VIC,3029,-37.82488563,144.7467468,Open,Metro,No,Yes,Yes,Yes,No,No,No,Yes,Yes,Yes,No,No,No,Yes,No
F973,Viva Direct (DO),Shell,SHELL PORTLAND,615 HENTY HWY,PORTLAND,VIC,3305,-38.32130792,141.5965038,Open,Regional,Yes,No,Yes,Yes,Yes,Yes,Yes,No,No,Yes,Yes,Yes,Yes,Yes,No
F991,Liberty Oil Australia,Shell,SHELL DANDENONG SOUTH UNMANNED,258-262 HAMMOND ROAD (CNR KILKENNY CT),DANDENONG SOUTH,VIC,3175,-38.02014787,145.2040494,Open,Metro,No,Yes,Yes,Yes,No,Yes,Yes,Yes,Yes,No,No,No,No,Yes,Yes
G358,Alliance,Shell,SHELL COLES EXPRESS COLAC,2-14 PRINCESS HIGHWAY (CNR BAILLIE ST),COLAC,VIC,3250,-38.335472,143.609953,Open,Regional,Yes,No,Yes,Yes,No,Yes,Yes,No,No,Yes,Yes,No,No,Yes,Yes
G374,Viva Direct (DO),Shell,SHELL KYNETON,199 BURTON AVE,KYNETON,VIC,3444,-37.23741523,144.4200043,Open,Regional,No,No,Yes,Yes,No,No,Yes,No,No,Yes,No,No,No,Yes,No
G386,Alliance,Shell,SHELL COLES EXPRESS CLAYTON,2143-2149 DANDENONG ROAD (CNR RENVER RD),CLAYTON,VIC,3168,-37.92364947,145.1427332,Open,Metro,No,No,Yes,Yes,No,Yes,Yes,No,Yes,Yes,No,No,No,Yes,No
G727,Liberty Oil Australia,Liberty,LIBERTY BENDIGO UNMANNED,107 STRICKLAND RD,BENDIGO EAST,VIC,3550,-36.74654599,144.305725,Open,Regional,No,Yes,Yes,Yes,No,Yes,Yes,No,Yes,No,No,No,No,Yes,Yes
G829,Alliance,Shell,SHELL COLES EXPRESS WARRENHEIP,9389 WESTERN HIGHWAY,WARRENHEIP,VIC,3352,-37.564368,143.934259,Open,Regional,Yes,No,Yes,Yes,Yes,Yes,Yes,No,Yes,Yes,Yes,No,No,Yes,Yes
X073,Liberty Oil Australia,Shell,SHELL IRYMPLE UNMANNED,2170 FIFTEENTH ST,IRYMPLE,VIC,3498,-34.23908419,142.1746249,Open,Regional,No,Yes,Yes,Yes,Yes,Yes,Yes,No,Yes,No,No,No,No,Yes,Yes
X136,Liberty Oil Australia,Liberty,JOHN DUFF & CO APM UNMANNED,MARYVALE ROAD,MORWELL,VIC,3840,-38.18571027,146.4465973,Update Required,Regional,No,No,Yes,No,No,No,No,No,No,No,No,No,No,Yes,Yes
X147,Liberty Oil Australia,Liberty,LIBERTY HORSHAM,93 DIMBOOLA ROAD,HORSHAM,VIC,3400,-36.70413041,142.1824292,Open,Regional,No,No,Yes,Yes,No,Yes,Yes,No,Yes,No,No,No,No,Yes,Yes
X158,Liberty Oil Australia,Shell,SHELL PAKENHAM UNMANNED,2 INDUSTRIAL DRIVE (CNR EXCHANGE DR),PAKENHAM,VIC,3810,-38.10156086,145.4916652,Open,Metro,No,Yes,Yes,Yes,No,Yes,Yes,No,No,No,No,No,No,Yes,Yes
X176,Liberty Oil Australia,Shell,SHELL SPEED UNMANNED,8 SUNRAYSIA HIGHWAY,SPEED,VIC,3488,-35.402098,142.439131,Open,Regional,Yes,No,Yes,No,No,Yes,Yes,No,No,No,No,No,No,Yes,Yes
X263,Liberty Oil Australia,Shell,SHELL SWAN HILL UNMANNED,8 SALESYARD RD,SWAN HILL,VIC,3585,-35.32135571,143.549099,Open,Regional,No,Yes,Yes,Yes,No,Yes,Yes,No,Yes,No,No,No,No,Yes,Yes
X282,Liberty Oil Australia,Shell,SHELL OUYEN UNMANNED,87 HUGHES ST,OUYEN,VIC,3490,-35.07140622,142.3309471,Open,Regional,No,No,No,No,No,Yes,No,No,No,No,No,,,Yes,Yes
X303,Westside Petroleum,Shell,SHELL MORWELL,226 PRINCES DRIVE,MORWELL,VIC,3840,-38.23272256,146.4453374,Open,Regional,No,Yes,Yes,Yes,No,Yes,Yes,Yes,Yes,Yes,No,No,No,Yes,No
X312,Viva Direct (DO),Shell,SHELL DANDENONG SOUTH,50 SOUTH GIPPSLAND HIGHWAY,DANDENONG SOUTH,VIC,3175,-38.004764,145.226929,Open,Metro,Yes,Yes,Yes,Yes,No,Yes,Yes,No,No,No,Yes,No,No,Yes,Yes
X476,Liberty Oil Convenience (LOC),Liberty,LIBERTY FERNTREE GULLY,908 BURWOOD HWY,FERNTREE GULLY,VIC,3156,-37.88508402,145.2823092,Open,Metro,No,Yes,Yes,Yes,No,Yes,Yes,Yes,Yes,No,No,,,Yes,Yes
X520,Liberty Oil Convenience (LOC),Liberty,LIBERTY SWAN HILL,1-19 NYAH ROAD,SWAN HILL,VIC,3585,-35.32793354,143.5537945,Open,Regional,No,No,Yes,Yes,No,Yes,Yes,No,Yes,No,No,No,,Yes,Yes
F482,Company Controlled,Advantage,OTR STAWELL,30 ARARAT RD,STAWELL,VIC,3380,-37.072571,142.772598,Open,Regional,No,No,No,No,No,No,No,No,No,No,No,,,Yes,Yes
F476,Liberty Oil Australia,Mogas,HORSHAM UNMANNED (MOGAS),113 GOLF COURSE RD,HORSHAM,VIC,3400,-36.7388369,142.1915092,Open,Regional,No,No,No,No,No,No,No,No,No,No,No,,,No,No
F495,Liberty Oil Australia,Mogas,ROMSEY UNMANNED (MOGAS),111 PORTINGALES LANE,ROMSEY,VIC,3434,-37.3606564,144.7665475,Open,Regional,No,No,No,No,No,No,No,No,No,No,No,,,No,No
F503,Liberty Oil Australia,Mogas,CHARLTON UNMANNED (MOGAS),148-150 HIGH ST,CHARLTON,VIC,3525,-36.2739389,143.3584256,Open,Regional,No,No,No,No,No,No,No,No,No,No,No,,,No,No
Q029,Alliance,Shell,SHELL COLES EXPRESS KWINANA BEACH,4 BEACH STREET,KWINANA BEACH,WA,6167,-32.24368415,115.7765214,Open,Metro,No,Yes,Yes,Yes,No,No,Yes,No,Yes,No,No,No,,Yes,No
Q033,Liberty Oil Australia,Shell,SHELL RAVENSTHORPE,111 MORGANS ST,RAVENSTHORPE,WA,6346,-33.58096864,120.052847,Open,Regional,No,Yes,Yes,Yes,Yes,Yes,Yes,No,No,No,Yes,No,Yes,Yes,No
Q041,Liberty Oil Australia,Shell,SHELL GERALDTON UNMANNED,102 DEEPDALE RD,MERU,WA,6530,-28.79296077,114.6910912,Open,Regional,No,Yes,Yes,Yes,Yes,Yes,Yes,Yes,No,No,No,No,No,Yes,Yes
Q051,Viva Direct (DO),Shell,SHELL RAVENSWOOD,CRN PINJARRA & BEACHAM RDS,RAVENSWOOD,WA,6208,-32.608303,115.844941,Open,Regional,Yes,Yes,Yes,Yes,Yes,No,No,Yes,Yes,No,Yes,No,No,Yes,No
Q061,Alliance,Shell,SHELL COLES EXPRESS BAYSWATER (WA),34 JACKSON STREET,BAYSWATER,WA,6053,-31.90680442,115.9269944,Open,Metro,No,Yes,Yes,Yes,No,No,No,Yes,Yes,Yes,Yes,No,No,Yes,No
Q064,Viva Direct (DO),Shell,SHELL SMART MART NEWMAN,1 NEWMAN DRIVE,NEWMAN,WA,6753,-23.3506481,119.7388996,Open,Regional,No,No,Yes,Yes,Yes,No,Yes,No,No,Yes,Yes,,No,Yes,No
Q070,Alliance,Shell,SHELL COLES EXPRESS BIBRA LAKE,1 TIMBERYARD WAY,BIBRA LAKE,WA,6163,-32.11704,115.80754,Open,Metro,No,Yes,Yes,No,No,No,No,Yes,Yes,Yes,No,No,No,Yes,No
Q115,Alliance,Shell,SHELL COLES EXPRESS WANNEROO PEARSALLS,621 WANNEROO ROAD,WANNEROO,WA,6065,-31.779867,115.808264,Open,Metro,No,No,Yes,Yes,No,Yes,Yes,No,No,Yes,No,No,No,Yes,Yes
Q134,Alliance,Shell,SHELL COLES EXPRESS MIDDLE SWAN,LOT46 GREAT NORTHERN HWY,MIDDLE SWAN,WA,6056,-31.874816,116.010888,Open,Metro,Yes,Yes,Yes,Yes,No,Yes,Yes,Yes,No,Yes,Yes,Yes,No,Yes,No
Q137,Liberty Oil Australia,Shell,SHELL LEONORA UNMANNED,LOT 504 GOLDFIELDS HWY,LEONORA,WA,6438,-28.87471245,121.3250069,Open,Remote,No,Yes,Yes,Yes,Yes,Yes,Yes,No,Yes,No,No,,,Yes,Yes
Q214,Alliance,Shell,SHELL COLES EXPRESS KEWDALE,KEWDALE RD & ABERNETHY RD,KEWDALE,WA,6105,-31.98020585,115.9584685,Open,Metro,Yes,Yes,Yes,Yes,Yes,Yes,Yes,Yes,Yes,Yes,Yes,Yes,No,Yes,Yes
Q218,Alliance,Shell,SHELL COLES EXPRESS UPPER SWAN ROADHOUSE,1333 GREAT NORTHERN HWY,UPPER SWAN,WA,6069,-31.774382,116.026402,Open,Metro,Yes,No,Yes,Yes,Yes,Yes,Yes,Yes,Yes,Yes,Yes,Yes,No,Yes,Yes
Q238,Alliance,Shell,SHELL COLES EXPRESS CANNING VALE,280 BANNISTER RD,CANNING VALE,WA,6155,-32.070363,115.895809,Open,Metro,Yes,Yes,Yes,Yes,No,Yes,Yes,Yes,Yes,Yes,Yes,Yes,No,Yes,Yes
R022,Alliance,Shell,SHELL COLES EXPRESS BUSSELTON,88 CAUSEWAY RD,BUSSELTON,WA,6280,-33.66134822,115.3563391,Open,Regional,No,No,Yes,Yes,No,Yes,Yes,No,No,No,No,No,No,Yes,No
R072,Alliance,Shell,SHELL COLES EXPRESS TOM PRICE,1 MINE  RD (CNR PARABURDOO-TOM PRICE RD),TOM PRICE,WA,6751,-22.696627,117.786035,Open,Regional,Yes,No,Yes,Yes,Yes,Yes,Yes,Yes,Yes,Yes,Yes,No,No,Yes,No
R075,Alliance,Shell,SHELL COLES EXPRESS PARABURDOO,ROCKLEA RD & CAMP RD,PARABURDOO,WA,6754,-23.20443396,117.6712461,Open,Regional,No,No,Yes,Yes,Yes,Yes,Yes,No,No,Yes,Yes,No,No,Yes,No
R076,Alliance,Shell,SHELL COLES EXPRESS PORT HEDLAND,WILSON STREET,PORT HEDLAND,WA,6721,-20.31174401,118.606641,Open,Regional,No,No,Yes,Yes,No,Yes,No,No,No,No,No,No,No,Yes,No
S020,Alliance,Shell,SHELL COLES EXPRESS BUNBURY GATEWAY,12 CLAUGHTON WAY,GLEN IRIS,WA,6230,-33.334859,115.685131,Open,Regional,Yes,No,Yes,Yes,Yes,Yes,Yes,No,No,No,Yes,Yes,No,Yes,Yes
S099,Alliance,Shell,SHELL COLES EXPRESS HALLS CREEK,1 MCDONALD PL,HALLS CREEK,WA,6770,-18.224822,127.666723,Open,Regional,Yes,No,Yes,Yes,Yes,Yes,Yes,Yes,No,Yes,Yes,Yes,No,Yes,No
S113,Alliance,Shell,SHELL COLES EXPRESS KARRATHA TRAVEL & TRUCK,6 MADIGAN ROAD (NORTH WEST COASTAL HWY),KARRATHA,WA,6714,-20.79489881,116.7774787,Open,Regional,Yes,No,Yes,Yes,Yes,Yes,Yes,No,Yes,Yes,Yes,Yes,No,Yes,Yes
S121,Liberty Oil Convenience (LOC),Shell,SHELL KATANNING,24 CORNWALL STREET,KATANNING,WA,6317,-33.697429,117.560383,Open,Regional,No,Yes,Yes,Yes,Yes,Yes,No,Yes,Yes,No,No,No,No,Yes,No
S126,Alliance,Shell,SHELL COLES EXPRESS KUNUNURRA ROADHOUSE,LOT 2259 IVANHOE RD,KUNUNURRA,WA,6743,-15.780987,128.732038,Open,Regional,Yes,No,Yes,Yes,No,Yes,Yes,No,No,Yes,Yes,Yes,No,Yes,No
S142,Viva Direct (DO),Shell,SHELL MADURA,EYRE HIGHWAY,MADURA,WA,6443,-31.899568,127.020713,Open,Remote,Yes,Yes,Yes,Yes,Yes,No,Yes,No,No,No,Yes,No,Yes,Yes,No
S146,Alliance,Shell,SHELL COLES EXPRESS MEEKATHARRA ROADHOUSE,LOT 821 GREAT NORTHERN HWY (MAIN ST),MEEKATHARRA,WA,6642,-26.598716,118.491233,Open,Regional,Yes,No,Yes,Yes,Yes,Yes,Yes,Yes,No,Yes,Yes,Yes,No,Yes,Yes
S162,Liberty Oil Australia,Shell,SHELL WEST KALGOORLIE UNMANNED,2 BINSDEN RD,KALGOORLIE WEST,WA,6430,-30.77719539,121.4311328,Open,Remote,No,Yes,Yes,Yes,Yes,Yes,Yes,No,Yes,No,No,No,No,Yes,Yes
S173,Liberty Oil Australia,Shell,SHELL NEWMAN,21 WILLIS ST,NEWMAN,WA,6753,-23.3705305,119.7303987,Open,Regional,No,No,Yes,Yes,Yes,Yes,Yes,No,Yes,No,No,Yes,No,Yes,No
S192,Alliance,Shell,SHELL COLES EXPRESS SOUTH HEDLAND ROADHOUSE,LOT 5553 WALLWORK RD,WEDGEFIELD,WA,6721,-20.373543,118.607486,Open,Regional,Yes,No,Yes,Yes,Yes,Yes,Yes,No,No,Yes,Yes,Yes,No,Yes,No
S296,Alliance,Shell,SHELL COLES EXPRESS LEONORA,54-56 TOWER ST,LEONORA,WA,6438,-28.884784,121.330708,Open,Regional,No,No,Yes,Yes,No,Yes,Yes,No,No,Yes,Yes,No,No,Yes,No
S610,Alliance,Shell,SHELL COLES EXPRESS FITZROY CROSSING ROADHOUSE,87 GREAT NORTHERN HWY,FITZROY CROSSING,WA,6765,-18.1978037,125.5681326,Open,Regional,Yes,No,Yes,Yes,No,Yes,Yes,No,No,Yes,Yes,Yes,No,Yes,No
S653,Liberty Oil Australia,Liberty,LIBERTY MERREDIN UNMANNED,LOT 1321 MACKENZIE CRESCENT,MERREDIN,WA,6415,-31.47882027,118.2959814,Open,Regional,No,Yes,Yes,Yes,No,Yes,No,No,No,No,No,,,Yes,Yes
S656,Alliance,Shell,SHELL COLES EXPRESS WANGARA,LOT311   1 NICHE PARADE,WANGARA,WA,6065,-31.7921027,115.8526936,Open,Metro,No,Yes,Yes,Yes,No,Yes,Yes,Yes,Yes,No,No,No,No,Yes,Yes
S661,Liberty Oil Australia,Liberty,LIBERTY CUE UNMANNED,10 AUSTIN STREET,CUE,WA,6640,-27.4272377,117.8938032,Open,Regional,No,No,Yes,Yes,Yes,Yes,No,No,Yes,No,No,,,Yes,Yes
X167,Liberty Oil Australia,Shell,SHELL AUSKI ROADHOUSE,GREAT NORTHERN HWY (CNR MUNJINA RD),KARIJINI,WA,6751,-22.37727248,118.6911001,Open,Regional,Yes,Yes,Yes,Yes,Yes,Yes,Yes,Yes,Yes,No,Yes,Yes,Yes,Yes,No
X203,Liberty Oil Convenience (LOC),Liberty,LIBERTY DONGARA,30217 BRAND HWY,DONGARA,WA,6525,-29.25306468,114.9561745,Open,Regional,Yes,Yes,Yes,Yes,No,Yes,Yes,Yes,No,Yes,Yes,No,No,Yes,Yes
X205,Liberty Oil Australia,Liberty,LIBERTY NEWDEGATE STOCK & TRADING CO,188 MCCRACKEN ROAD,NEWDEGATE,WA,6355,-33.09306959,119.0276613,Open,Regional,No,Yes,Yes,Yes,Yes,Yes,Yes,No,No,No,No,No,No,Yes,Yes
X206,Liberty Oil Australia,Liberty,LIBERTY PARDOO,LOT 18 GREAT NORTHERN HWAY,PARDOO,WA,6721,-20.05388818,119.8273862,Open,Remote,Yes,No,Yes,Yes,Yes,Yes,Yes,No,No,No,Yes,No,No,Yes,No
X215,Liberty Oil Australia,Liberty,LIBERTY GNOWANGERUP FUEL SUPPLIES,20 FORMBY STREET,GNOWANGERUP,WA,6335,-33.9418055,118.0048303,Open,Metro,No,No,Yes,Yes,No,Yes,Yes,No,No,No,No,No,No,Yes,Yes
X218,Viva Direct (DO),Liberty,LIBERTY BEVERLEY DOME UNMANNED,149 VINCENT ST,BEVERLEY,WA,6304,-32.10982002,116.9235042,Open,Regional,Yes,No,Yes,Yes,No,Yes,Yes,No,No,No,No,No,No,No,Yes
X227,Liberty Oil Australia,Shell,SHELL EXMOUTH UNMANNED,23 INGRAM STREET,EXMOUTH,WA,6707,-22.00935612,114.1180524,Open,Regional,No,No,Yes,Yes,No,Yes,Yes,No,No,No,No,No,No,Yes,Yes
X231,Liberty Oil Australia,Liberty,LIBERTY HOPE VALLEY UNMANNED,1448 ROCKINGHAM RD (CNR ANKATELL RD),HOPE VALLEY,WA,6165,-32.20916334,115.7861163,Open,Metro,No,No,Yes,Yes,No,No,No,No,No,No,Yes,,,Yes,Yes
X283,Liberty Oil Convenience (LOC),Liberty,LIBERTY CATABY ROADHOUSE,10805 BRAND HIGHWAY,CATABY,WA,6507,-31.8954,116.173,Open,Regional,No,No,No,No,No,Yes,No,No,No,No,No,,,Yes,No
X328,Liberty Oil Convenience (LOC),Shell,SHELL HIGH WYCOMBE,1100 ABERNETHY ROAD,HIGH WYCOMBE,WA,6057,-31.9382341,115.991715,Open,Metro,No,Yes,Yes,Yes,No,Yes,Yes,No,Yes,No,No,No,Yes,Yes,No
X358,Liberty Oil Convenience (LOC),Liberty,LIBERTY LANDSDALE,2 COWLE ST,LANDSDALE,WA,6065,-31.8028,115.8356025,Open,Regional,No,No,Yes,Yes,No,Yes,Yes,No,Yes,No,No,,,Yes,No
X449,Viva Direct (DO),Liberty,LIBERTY CORRIGIN ROADHOUSE,8 KUJIN STREET,CORRIGIN,WA,6375,-32.3339635,117.875833,Open,Regional,No,Yes,Yes,Yes,Yes,Yes,Yes,No,No,No,No,No,No,Yes,No
X513,Liberty Oil Australia,Liberty,LIBERTY MARGARET RIVER UNMANNED,12 AUGER WAY,MARGARET RIVER,WA,6285,-33.96608781,115.0718294,Open,Regional,No,Yes,Yes,Yes,Yes,Yes,Yes,No,Yes,No,No,,,Yes,Yes
Q277,Company Controlled,Caltex,S24 SAWYERS VALLEY (CALTEX),96 GREAT EASTERN HIGHWAY,SAWYERS VALLEY,WA,6074,-31.90309514,116.2072329,Open,Metro,No,Yes,Yes,No,No,No,Yes,No,No,No,No,,,Yes,Yes
S662,Viva Direct (DO),Shell,SHELL KOJONUP,47 ALBANY HWAY,KOJONUP,WA,6395,-33.8274005,117.1571293,Open,Regional,Yes,Yes,Yes,Yes,No,Yes,Yes,No,No,No,No,No,Yes,Yes,No
X172,Liberty Oil Australia,Shell,SHELL CHITTERING,5066 GREATER NORTHERN HWAY,CHITTERING,WA,6084,-31.4649652,116.0513021,Open,Regional,Yes,Yes,Yes,Yes,Yes,Yes,Yes,Yes,Yes,No,Yes,No,Yes,Yes,Yes
X535,Liberty Oil Australia,Shell,SHELL TAMBO ROADHOUSE,1 ARTHUR ST,TAMBO,QLD,4478,-24.88175372,146.2581976,Open,Remote,No,No,No,No,No,Yes,No,No,No,No,No,,,Yes,No
X492,Liberty Oil Convenience (LOC),Liberty,LIBERTY NAVAL BASE,24 DOOLEY ST,NAVAL BASE,WA,6165,-32.19779709,115.7828625,Open,Metro,No,Yes,Yes,No,No,Yes,Yes,No,Yes,No,Yes,No,No,Yes,Yes
J144,Viva Direct (DO),Shell,SHELL COOLMUNDA TRUCKSTOP,23129 CUNNINGHAM HWY,COOLMUNDA,QLD,4387,-28.40773342,151.203776,Open,Regional,No,Yes,Yes,Yes,No,Yes,Yes,No,Yes,No,No,Yes,No,Yes,No
X494,Liberty Oil Australia,Liberty,LIBERTY BOWEN DEPOT,17 PETER DELEMONTHE ROAD,BOWEN,QLD,4805,-20.01780345,148.1912803,Open,Regional,No,No,No,No,No,Yes,No,No,No,No,No,,,Yes,No
Q053,Viva Direct (DO),Shell,SHELL MADDINGTON,1 DAVISON ST,MADDINGTON,WA,6109,-32.045263,115.988755,Open,Metro,No,Yes,Yes,Yes,No,No,No,Yes,Yes,Yes,No,No,No,Yes,No
